age_cat,Female_unadj_excess_deaths_number,Female_unadj_excess_deaths_rate,Male_unadj_excess_deaths_number,Male_unadj_excess_deaths_rate
55-59,4175.351585525717,14.985197793251032,5584.4523533323445,23.547832692591015
60-64,5000.314837829671,21.79063290930416,6720.442862035742,35.89797795013588
65-69,5289.029893900317,29.468915060861224,6551.972740547466,47.55181689446054
70-74,5492.803532285497,40.52553555887322,5590.966650594514,58.024605346209114
75-79,5060.181269791761,51.21725459429908,4545.755041171733,72.31540507990971
80-84,3652.8869398485367,53.287337335456414,2043.2447972308073,54.511734152026804
85+,-9699.465606573773,-141.30548412868086,-4029.642297718048,-145.7365665510332
