Age,excess_ypll_rate_Female,excess_ypll_number_Female,excess_ypll_rate_Male,excess_ypll_number_Male
55-59,416.6022617480673,104373.33933046399,547.4231565156176,116299.31605471324
60-64,486.8610066053916,98746.53204496429,684.9704759115534,112666.71800835976
65-69,550.2800220639529,86688.59439345408,739.6130334419884,89079.33396974846
70-74,645.1627207623537,76565.91814726898,754.4515613010659,63340.41841093655
75-79,643.5537510853296,56932.48456168953,742.0589099947704,41482.10968941436
80-84,508.0591126320587,31376.277747093824,435.34234231045366,14556.2894012761
